objectid,title,filename,format,format,title,description,creator,date,source,subject
Figure-P-1,Figure-P-1,Figure-P-1.png,image/png,,,,@adriennemareebrown,2024,Instagram,art of memes; image macro; rosa luxemburg; revolution; change; quote; grounding ; art of memes; activism; anti-capitalism ; Image
Figure-P-2,Figure-P-2,Figure-P-2.png,image/png,,,,@blackliturgies,2024,instagram,art of memes; text post; black liturgies; quote; relaxation; hope; grief; grounding; mantra ; art of memes; wellness/healing; activism; existential ; Text
Figure-P-3,Figure-P-3,Figure-P-3.png,image/png,,,,@reductress,2024,instagram,art of memes; image macro; far left; harris; trump; presidential election; 2024; female vote; parody; grounding ; art of memes; politics; activism; gender ; Image
Figure-0-1,Figure-0-1,Figure-0-1.png,image/png,,,,@secretsfromthewholecloth,2023,website,art of memes; image macro; feminist feels; horrors persist; guinea pig; pink car; cute; remixing; activism; resilience; feminist fatigue ; art of memes; patriarchy; activism; gender; femininity ; existential ; Image
Figure-0-2,Figure-0-2,Figure-0-2.png,image/png,,,,@ruminationsofthewild,2024,Instagram,art of memes; image macro; remix; irony; word play; sarcasm; resilience; activism ; art of memes; patriarchy; activism; pop culture; existential; femininity ; Image
Figure-0-3,Figure-0-3,Figure-0-3.png,image/png,,,,@for.the.wild,2024,instagram,"art of memes; image macro; carousel; transformation, revolution; care; nature; empowerment ; art of memes; activism; anti-capitalism; wellness/healing; existential; art ; Image"
Figure-1-1,Figure-1-1,Figure-1-1.png,image/png,,,,@ihatekatebush,2024,instagram,art of memes; image macro; trend; starter pack; phallogocentrism; father; friends; collage; daddy issues; rebilious; identity; feminist resistent; mood board;  ; art of memes; pop culture; gender; femininity ; relationships; activism; existential ; Image
Figure-1-2,Figure-1-2,Figure-1-2.png,image/png,,,,Höch,1919-1920,website,art of memes; image; collage; Dadaism; irony; alienation; gender; masculinity ; art of memes; patriarchy; activism; pop culture; gender; masculinity; art ; Image
Figure-1-3,Figure-1-3,Figure-1-3.png,image/png,,,,Laurie Simmons,1978,website,art of memes; image; gender roles; woman; kitchen; miniature dream home; feminist movement; culture ; art of memes; patriarchy; activism; gender; femininity ; masculinity; art ; Image
Figure-1-4-1,Figure-1-4-1,Figure-1-4-1.png,image/png,,,,@asoftwrongness,2024,instagram,art of memes; image macro; collage; culture; feminity; bambi; forest; smiling moon; fairytale; nursery rhymes;  ; art; art of memes; wellness/healing; pop culture; existential; femininity; activism ; Image
Figure-1-4-2,Figure-1-4-2,Figure-1-4-2.png,image/png,,,,@asoftwrongness,2024,instagram,art of memes; image macro; collage; exhausting; evolving; animals; nature;  ; art of memes; activism; pop culture; wellness/healing; existential; femininity; art ; Image
Figure-1-4-3,Figure-1-4-3,Figure-1-4-3.png,image/png,,,,@asoftwrongness,2024,instagram,art of memes; image macro; collage; alice in wonderland; power puff; bubbles; dorothy;  ; activism; pop culture; wellness/healing; existential; femininity; art of memes; art ; Image
Figure-1-4-4,Figure-1-4-4,Figure-1-4-4.png,image/png,,,,@asoftwrongness,2024,instagram,art of memes; image macro; collage; cartoons; childhood; powerpuff; existential  ; pop culture; wellness/healing; existential; femininity; art of memes; art; activism ; Image
Figure-1-4-5,Figure-1-4-5,Figure-1-4-5.png,image/png,,,,@asoftwrongness,2024,instagram,art of memes; image macro; collage; identity; unicorn; habit; growth; cartoon; childhood ; art; wellness/healing; art of memes; existential; femininity ; Image
Figure-1-5,Figure-1-5,Figure-1-5.png,image/png,,,,Barbara Kruger,1989,website,art of memes; image macro; Barbara Kruger; antiabortion laws; Roe v. Wade; protest; poststructuralist; feminist theory;  ; art of memes; reproductive justice; activism; art; politics; gender ; Image
Figure-1-6,Figure-1-6,Figure-1-6.png,image/png,,,,Barbara Kruger,1981,website,art of memes; image macro; Barbara Kruger; poststructuralist; feminist theory; male gaze;  ; art of memes; reproductive justice; activism; art; politics; gender ; Image
Figure-1-7,Figure-1-7,Figure-1-7.png,image/png,,,,@paperstackedonpaper,2023,instagram,art of memes; image macro; collage; feminism; hallucination; Kaitlyn Skelly; magazine; grateful; ; art of memes; patriarchy; activism; gender; femininity ; existential; art ; Image
Figure-1-8,Figure-1-8,Figure-1-8.png,image/png,,,,@intelligentmischief,2024,instagram,art of memes; image macro; present; future; wisdom; Afrofuturist; photomontage; propoganda; countercultural; ; art of memes; art; politics; activism ; Image
Figure-1-9,Figure-1-9,Figure-1-9.png,image/png,,,,@intelligentmischief,2024,instagram,art of memes; image macro; Afrofuturist; photomontage; propoganda; countercultural; history; ethics; folktales ; art of memes; politics; patriarchy; activism; art ; Image
Figure-1-10,Figure-1-10,Figure-1-10.png,image/png,,,,Barbara Kruger,1987,website,art of memes; image macro; roy toy; cat; meme culture; lawyer; controversial; AIDs epidemic;  ; art of memes; politics; activism; queer ; Image
Figure-1-11,Figure-1-11,Figure-1-11.png,image/png,,,,"Jessica Bennett, Amanda Duarte, Stella Marrs",2016,website,art of memes; image macro; pussy grabs back; angry cat; donald trump; remixed; feminist culture; 2016; election;  ; art of memes; activism; art; gender; politics; masculinity ; Image
Figure-1-12,Figure-1-12,Figure-1-12.png,image/png,,,,@intelligentmischief,2024,instagram,art of memes; image macro; ceremonial; healing; afrofuturist; ritual; revolution;  ; art of memes; politics; patriarchy; activism; art; wellness/healing; femininity ; Image
Figure-1-13-1,Figure-1-13-1,Figure-1-13-1.png,image/png,,,,@sarashakeel,2024,instagram,art of memes; ai generated; half-cat; half-mermaid; mythical; dream; image ; art of memes; mythical; pop culture; femininity ; wellness/healing; art ; Image
Figure-1-13-2,Figure-1-13-2,Figure-1-13-2.png,image/png,,,,@sarashakeel,2024,instagram,art of memes; ai generated; half-cat; half-mermaid; mythical; dream; image ; art of memes; mythical; pop culture; femininity ; wellness/healing; art ; Image
Figure-1-13-3,Figure-1-13-3,Figure-1-13-3.png,image/png,,,,@sarashakeel,2024,instagram,art of memes; ai generated; half-cat; half-mermaid; mythical; dream; image ; art of memes; mythical; pop culture; femininity ; wellness/healing; art ; Image
Figure-1-13-4,Figure-1-13-4,Figure-1-13-4.png,image/png,,,,@sarashakeel,2024,instagram,art of memes; ai generated; half-cat; half-mermaid; mythical; dream; image ; art of memes; mythical; pop culture; femininity ; wellness/healing; art ; Image
Figure-1-13-5,Figure-1-13-5,Figure-1-13-5.png,image/png,,,,@sarashakeel,2024,instagram,art of memes; ai generated; half-cat; half-mermaid; mythical; dream; image ; art of memes; mythical; pop culture; femininity ; wellness/healing; art ; Image
Figure-1-14-1,Figure-1-14-1,Figure-1-14-1.png,image/png,,,,@sarashakeel,2024,instagram,art of memes; ai; gothic; wonder; sense of pleasure; coquette; bed; swamp; image ; art of memes; mythical; activism; art; wellness/healing; femininity ; existential; witch ; Image
Figure-1-14-2,Figure-1-14-2,Figure-1-14-2.png,image/png,,,,@sarashakeel,2024,instagram,art of memes; ai; gothic; wonder; sense of pleasure; coquette; car; image ; art of memes; mythical; activism; art; wellness/healing; femininity ; existential ; Image
Figure-1-14-3,Figure-1-14-3,Figure-1-14-3.png,image/png,,,,@sarashakeel,2024,instagram,art of memes; ai; gothic; wonder; sense of pleasure; coquette; dining table; image ; art of memes; mythical; activism; art; wellness/healing; femininity ; existential ; Image
Figure-1-14-4,Figure-1-14-4,Figure-1-14-4.png,image/png,,,,@sarashakeel,2024,instagram,art of memes; ai; gothic; wonder; sense of pleasure; coquette; teddy bears; image ; art of memes; mythical; activism; art; wellness/healing; femininity ; existential ; Image
Figure-1-14-5,Figure-1-14-5,Figure-1-14-5.png,image/png,,,,@sarashakeel,2024,instagram,art of memes; ai; gothic; wonder; sense of pleasure; coquette; bicycle; image ; art of memes; mythical; activism; art; wellness/healing; femininity ; existential ; Image
Figure-1-14-6,Figure-1-14-6,Figure-1-14-6.png,image/png,,,,@sarashakeel,2024,instagram,art of memes; ai; gothic; wonder; sense of pleasure; coquette; toilet; image ; art of memes; mythical; activism; art; wellness/healing; femininity ; existential ; Image
Figure-1-14-7,Figure-1-14-7,Figure-1-14-7.png,image/png,,,,@sarashakeel,2024,instagram,art of memes; ai; gothic; wonder; sense of pleasure; coquette; bathtub; image ; art of memes; mythical; activism; art; wellness/healing; femininity ; existential ; Image
Figure-1-14-8,Figure-1-14-8,Figure-1-14-8.png,image/png,,,,@sarashakeel,2024,instagram,art of memes; ai; gothic; wonder; sense of pleasure; coquette; clothes; image ; art of memes; mythical; activism; art; wellness/healing; femininity ; existential ; Image
Figure-1-14-9,Figure-1-14-9,Figure-1-14-9.png,image/png,,,,@sarashakeel,2024,instagram,art of memes; ai; gothic; wonder; sense of pleasure; coquette; bed; swamp; image ; art of memes; mythical; activism; art; wellness/healing; femininity ; existential ; Image
Figure-1-14-10,Figure-1-14-10,Figure-1-14-10.png,image/png,,,,@sarashakeel,2024,instagram,art of memes; ai; gothic; wonder; sense of pleasure; coquette; tombs; coffin; graveyard; image ; art of memes; mythical; activism; art; wellness/healing; femininity ; existential ; Image
Figure-1-15,Figure-1-15,Figure-1-15.png,image/png,,,,@griefmother,2024,instagram,art of memes; image macro; stranger; change; plants; growth; green; image ; art of memes; relationships; existential; art; wellness/healing ; Image
Figure-1-16,Figure-1-16,Figure-1-16.png,image/png,,,,@griefmother,2024,instagram,art of memes; image macro; relationship; love; change; personality; grief; growth; heal; image ; wellness/healing; art of memes; gender; femininity ; relationships; art; existential ; Image
Figure-1-17,Figure-1-17,Figure-1-17.png,image/png,,,,@griefmother,2024,instagram,art of memes; image macro; relationship; love; change; personality; grief; growth; heal; image ; art of memes; wellness/healing; gender; femininity ; relationships; art; existential ; Image
Figure-1-18,Figure-1-18,Figure-1-18.png,image/png,,,,Clusterduck,2021,website,art of memes; clusterduck; meme; internet culture; Has Cheezburger; meme culture ; art of memes; pop culture ; Text
Figure-1-19,Figure-1-19,Figure-1-19.png,image/png,,,,@disssgrace,2023,instagram,art of memes; image macro; gun; american; flowers; sanctity; gun violence; peace ; art of memes; activism; art; politics ; Image
Figure-2-1-1,Figure-2-1-1,Figure-2-1-1.png,image/png,,,,@barbiethemovie,2023,instagram,art of memes;image macro; barbie; barbie movie poster; Margot Robbie; ; art of memes; barbie; femininity ; activism; gender; pop culture ; Image
Figure-2-1-2,Figure-2-1-2,Figure-2-1-2.png,image/png,,,,@barbiethemovie,2023,instagram,art of memes;image macro; barbie; barbie movie poster; Kingsley Ben-Adir;  ; art of memes; barbie; femininity ; activism; gender; pop culture ; Image
Figure-2-1-3,Figure-2-1-3,Figure-2-1-3.png,image/png,,,,@barbiethemovie,2023,instagram,art of memes;image macro; barbie; barbie movie poster; Hari Nef; Doctor ; art of memes; barbie; femininity ; activism; gender; pop culture ; Image
Figure-2-1-4,Figure-2-1-4,Figure-2-1-4.png,image/png,,,,@barbiethemovie,2023,instagram,art of memes;image macro; barbie; barbie movie poster; Emma Mackey; Nobel Prize in Physics; ; art of memes; barbie; femininity ; activism; gender; pop culture ; Image
Figure-2-1-5,Figure-2-1-5,Figure-2-1-5.png,image/png,,,,@barbiethemovie,2023,instagram,art of memes;image macro; barbie; barbie movie poster; Mermaid; Dua Lipa; ; art of memes; barbie; femininity ; activism; gender; pop culture ; Image
Figure-2-1-6,Figure-2-1-6,Figure-2-1-6.png,image/png,,,,@barbiethemovie,2023,instagram,art of memes;image macro; barbie; barbie movie poster; Ana Cruz Kayne; Supreme Court Justice; ; art of memes; barbie; femininity ; activism; gender; pop culture ; Image
Figure-2-1-7,Figure-2-1-7,Figure-2-1-7.png,image/png,,,,@barbiethemovie,2023,instagram,art of memes;image macro; barbie; barbie movie poster; Scott Evans;  ; art of memes; barbie; femininity ; activism; gender; pop culture ; Image
Figure-2-1-8,Figure-2-1-8,Figure-2-1-8.png,image/png,,,,@barbiethemovie,2023,instagram,art of memes;image macro; barbie; barbie movie poster; lawyer; Sharon Rooney ; art of memes; barbie; femininity ; activism; gender; pop culture ; Image
Figure-2-1-9,Figure-2-1-9,Figure-2-1-9.png,image/png,,,,@barbiethemovie,2023,instagram,"art of memes;image macro; barbie; barbie movie poster; Emerald Fennell, Midge ; art of memes; barbie; femininity ; activism; gender; pop culture ; Image"
Figure-2-1-2,Figure-2-1-2,Figure-2-1-2.png,image/png,,,,@barbiethemovie,2023,instagram,art of memes;image macro; barbie; barbie movie poster; Ryan Gosling;  ; art of memes; barbie; femininity ; activism; gender; pop culture ; Image
Figure-2-2-2,Figure-2-2-2,Figure-2-2-2.png,image/png,,,,@barbiethemovie,2023,instagram,art of memes;image macro; barbie; barbie movie poster; President; Issa Rae; ; art of memes; barbie; femininity ; activism; gender; pop culture ; Image
Figure-2-2-3,Figure-2-2-3,Figure-2-2-3.png,image/png,,,,@barbiethemovie,2023,instagram,art of memes;image macro; barbie; barbie movie poster; Simu Liu ; art of memes; barbie; femininity ; activism; gender; pop culture ; Image
Figure-2-2-4,Figure-2-2-4,Figure-2-2-4.png,image/png,,,,@barbiethemovie,2023,instagram,art of memes;image macro; barbie; barbie movie poster; Ncuti Gatwa ; art of memes; barbie; femininity ; activism; gender; pop culture ; Image
Figure-2-2-5,Figure-2-2-5,Figure-2-2-5.png,image/png,,,,@barbiethemovie,2023,instagram,art of memes;image macro; barbie; barbie movie poster; diplomat; Nicola Coughlan; ; art of memes; barbie; femininity ; activism; gender; pop culture ; Image
Figure-2-2-6,Figure-2-2-6,Figure-2-2-6.png,image/png,,,,@barbiethemovie,2023,instagram,art of memes;image macro; barbie; barbie movie poster; author; Alexandra Shipp; ; art of memes; barbie; femininity ; activism; gender; pop culture ; Image
Figure-2-2-7,Figure-2-2-7,Figure-2-2-7.png,image/png,,,,@barbiethemovie,2023,instagram,"art of memes;image macro; barbie; barbie movie poster; pulitzer, ritu arya; journalism ; art of memes; barbie; femininity ; activism; gender; pop culture ; Image"
Figure-2-2-8,Figure-2-2-8,Figure-2-2-8.png,image/png,,,,@barbiethemovie,2023,instagram,"art of memes;image macro; barbie; barbie movie poster; Allan, Michael Cera: ; art of memes; barbie; femininity ; activism; gender; pop culture ; Image"
Figure-2-3-1,Figure-2-3-1,Figure-2-3-1.png,image/png,,,,@1AbbyRoad,2023,X (twitter),"art of memes;image macro; barbie; ken; he's just ken; legally blonde, Elle Woods, Warner; Satire; trend ; femininity; barbie; gender; pop culture; masculinity; art of memes ; Image"
Figure-2-3-2,Figure-2-3-2,Figure-2-3-2.png,image/png,,,,@lizzzzzielogan,2023,instagram,art of memes; image macro; barbie; ken; he's just ken; satire; trend; Katniss; Gale; ; femininity; barbie; gender; pop culture; masculinity; art of memes ; Image
Figure-2-3-3,Figure-2-3-3,Figure-2-3-3.png,image/png,,,,@lizzzzzielogan,2023,instagram,art of memes; image macro; barbie; ken; he's just ken; Harry Potter; Hermione; Ron; Satire; trend ; femininity; barbie; gender; pop culture; masculinity; art of memes ; Image
Figure-2-4-1,Figure-2-4-1,Figure-2-4-1.png,image/png,,,,@Danielasalbe,2023,X (twitter),"art of memes; image macro; barbie; ken; he's just ken; satire; trend; Miley Cyrus; Liam Hemsworth, ; femininity; barbie; gender; pop culture; masculinity; art of memes ; Image"
Figure-2-4-2,Figure-2-4-2,Figure-2-4-2.png,image/png,,,,@MarinenaCi,2023,X (twitter),art of memes; image macro; barbie; ken; he's just ken; satire; trend; Princess Diana; King Charles ; femininity; barbie; gender; pop culture; masculinity; art of memes ; Image
Figure-2-5-1,Figure-2-5-1,Figure-2-5-1.png,image/png,,,,@alessandra_kr,2023,X (twitter),"art of memes; image macro; barbie; ken; he's just ken; satire; trend; Little Women; Laurie, Jo ; femininity; barbie; gender; pop culture; masculinity; art of memes ; Image"
Figure-2-5-2,Figure-2-5-2,Figure-2-5-2.png,image/png,,,,@CAPTAlNPUGH,2023,X (twitter),"art of memes; image macro; barbie; ken; he's just ken; satire; trend; Little Women; Laurie, Amy; ; femininity; barbie; gender; pop culture; masculinity; art of memes ; Image"
Figure-2-6,Figure-2-6,Figure-2-6.png,image/png,,,,@absurdistmemer,2019,instagram,art of memes; image macro; hamlet; ophelia; shakespheare; absurdist; misanthrope; omfg; Pre-Raphaelite painting; John Everett Millais;  ; art of memes; art; pop culture; patriarchy; gender; femininity ; Image
Figure-2-7,Figure-2-7,Figure-2-7.png,image/png,,,,@sicksadgirlz,2024,instagram,art of memes; image macro; enduring; comedic reversal; neoliberal; stress;  ; art of memes; patriarchy; art; pop culture; femininity ; existential; wellness/healing ; Image
Figure-2-8,Figure-2-8,Figure-2-8.png,image/png,,,,@aidachavez,2020,reddit,art of memes; text post; twitter thread; post-feminist consumer; revolt; we riot; makeup routine; feminist riot  ; art of memes; patriarchy; activism; femininity ; gender ; Text
Figure-2-9,Figure-2-9,Figure-2-9.png,image/png,,,,@cleaningforthesitter,2020,instagram,art of memes; text post; karen; suppport guinea pig; pilates; toxic femininity; perfectionism; self-care; reenactment;  ; art of memes; wellness/healing; gender; femininity ; existential ; Text
Figure-2-10,Figure-2-10,Figure-2-10.png,image/png,,,,@chaosgirlclub,2023,instagram,art of memes; image macro; Paris Hilton; carousel; remixing; girls gone wild; flirting; DMs; progressive; iconic; femme fatale; ; art of memes; femininity ; pop culture; gender; relationships ; Image
Figure-2-11,Figure-2-11,Figure-2-11.png,image/png,,,,Annie Sprinkle,1991,website,art of memes; image macro; Annie Sprinkle; Anatomy of a Pin-Up Girl; porn actress; strippers; heteronormative desire; unrealistic ideals; gender roles; performance photography; mimetic reenactment ; art of memes; patriarchy; art; gender; femininity ; masculinity ; Image
Figure-2-12,Figure-2-12,Figure-2-12.png,image/png,,,,@socialitybarbie,2015,instagram,art of memes; lifestyle; influencer; reenactment; pumpkin patch; image ; barbie; art of memes; art; pop culture; femininity ; Image
Figure-2-13,Figure-2-13,Figure-2-13.png,image/png,,,,@socialitybarbie,2015,instagram,art of memes; lifestyle; influencer; reenactment; beach; relaxing; image ; barbie; art of memes; art; pop culture; femininity; wellness/healing ; Image
Figure-2-14,Figure-2-14,Figure-2-14.png,image/png,,,,@barbiesavior,2018,instagram,art of memes; white saviorism; save Africa; exploition; colonial; irony; reenactment; image ; art of memes; barbie; activism; art; pop culture ; Image
Figure-2-15,Figure-2-15,Figure-2-15.png,image/png,,,,@barbiebirkin,2013,website,art of memes; reenactment; lifestyle; luxury fashion; travel; birkin; celebrity friends; image ; art of memes; art; pop culture; barbie; femininity ; Image
Figure-2-16,Figure-2-16,Figure-2-16.png,image/png,,,,@casual.nihilism,2021,instagram,art of memes; image macro; existential; sailor moon; sleepin; dread; exhausted ; art of memes; existential; activism; pop culture; wellness/healing; femininity; art; barbie ; Image
Figure-2-17,Figure-2-17,Figure-2-17.png,image/png,,,,@trophywifebarbie,2015,instagram,art of memes; barbie; divorce; gender roles; reenactment; nostolgia; antlers; image ; art of memes; patriarchy; pop culture; gender; barbie; femininity ; relationships; art ; Image
Figure-2-18,Figure-2-18,Figure-2-18.png,image/png,,,,@roxiqt,2025,facebook,art of memes; text post; princess; queen; witch; gender role; growth; narrative reenactment; life stage; bog witch; swamps; witch aesthetic; swamp witch; female rage;  ; art of memes; witch; patriarchy; femininity ; mythical; activism ; Text
Figure-2-19,Figure-2-19,Figure-2-19.png,image/png,,,,@trophywifebarbie,2017,instagram,art of memes; image macro; patriarchy; women; bodies; menstruation; blood; resistance; image ; art of memes; patriarchy; activism; barbie; femininity ; Image
Figure-2-20-(&-Figure-2-2-4),Figure-2-20-(&-Figure-2-2-4),Figure-2-20-(&-Figure-2-2-4).png,image/png,,,,@barbiethemovie,2023,instagram,art of memes; image macro; weird Barbie; Barbie; poster; representation; Kate McKinnon ; art of memes; barbie; pop culture; activism; gender; femininity ; Image
Figure-2-21,Figure-2-21,Figure-2-21.png,image/png,,,,@smeigedag,2023,instagram,art of memes; image macro; weird Barbie; Barbie poster; representation; relatable; Kate McKinnon ; art of memes; barbie; pop culture ; Image
Figure-2-22,Figure-2-22,Figure-2-22.png,image/png,,,,@trophywifebarbie,2018,instagram,art of memes; image; Barbie; smile; rebellious ; art of memes; barbie; patriarchy; femininity ; Image
Figure-2-23,Figure-2-23,Figure-2-23.png,image/png,,,,@dyingbutfine,2023,instagram,art of memes; image macro; Barbie; overthinking; reality ; art of memes; barbie; femininity ; existential; activism ; Image
Figure-2-24-1,Figure-2-24-1,Figure-2-24-1.png,image/png,,,,@notthirsttraps,2023,instagram,art of memes; image macro; personality; madonna/whore; revelation; nun  ; art of memes; activism; femininity ; religion ; Image
Figure-2-24-2,Figure-2-24-2,Figure-2-24-2.png,image/png,,,,@notthirsttraps,2023,instagram,art of memes; image macro; perceived; misunderstood; nun; reenactment ; art of memes; activism; femininity ; religion ; Image
Figure-2-24-3,Figure-2-24-3,Figure-2-24-3.png,image/png,,,,@notthirsttraps,2023,instagram,art of memes; image macro; online; persona; offline; social media; reenactment ; art of memes; femininity ; activism; relationships ; Image
Figure-2-25-1,Figure-2-25-1,Figure-2-25-1.png,image/png,,,,@notthirsttraps,2024,instagram,art of memes; image macro; social media; short-film; self-aware; meme culture  ; art of memes; femininity; gender ; Image
Figure-2-25-2,Figure-2-25-2,Figure-2-25-2.png,image/png,,,,@notthirsttraps,2024,instagram,art of memes; image macro; self-aware; birth chart; meme culture ; art of memes; pop culture; femininity; gender ; Image
Figure-2-25-3,Figure-2-25-3,Figure-2-25-3.png,image/png,,,,@notthirsttraps,2024,instagram,art of memes; image macro; oversharing; authenticity ; art of memes; pop culture; femininity ; gender ; Image
Figure-2-25-4,Figure-2-25-4,Figure-2-25-4.png,image/png,,,,@notthirsttraps,2024,instagram,art of memes; image macro; self-aware; text; overthinking ; art of memes; femininity ; relationships; gender ; Image
Figure-2-25-5,Figure-2-25-5,Figure-2-25-5.png,image/png,,,,@notthirsttraps,2024,instagram,art of memes; image macro; technology; offline  ; art of memes; technology ; Image
Figure-2-26,Figure-2-26,Figure-2-26.png,image/png,,,,Cindy Sherman ,1978,website,art of memes; image; photography; Cindy Sherman; Höch; curious; performance; cinema ; art of memes; femininity; labour; art; patriarchy ; Image
Figure-2-27,Figure-2-27,Figure-2-27.png,image/png,,,,Cindy Sherman ,1979,website,art of memes; image; Cindy Sherman; cinema; performance ; art of memes; art; femininity ; Image
Figure-2-28,Figure-2-28,Figure-2-28.png,image/png,,,,Cindy Sherman ,1979,website,art of memes; image; Cindy Sherman; cinema; performative;  ; art of memes; femininity; art; pop culture ; Image
Figure-2-29-1,Figure-2-29-1,Figure-2-29-1.png,image/png,,,,@notthirsttraps,2024,instagram,art of memes; image macro; cinema; memory; lobotomy ; art of memes; relationships; masculinity ; femininity; pop culture ; Image
Figure-2-29-2,Figure-2-29-2,Figure-2-29-2.png,image/png,,,,@notthirsttraps,2024,instagram,art of memes; image macro; cinema; hyperfemininity;  ; art of memes; femininity; pop culture ; Image
Figure-2-29-3,Figure-2-29-3,Figure-2-29-3.png,image/png,,,,@notthirsttraps,2024,instagram,art of memes; image macro; cinema; mental health  ; art of memes; femininity; pop culture ; Image
Figure-2-29-4,Figure-2-29-4,Figure-2-29-4.png,image/png,,,,@notthirsttraps,2024,instagram,"art of memes; image macro; trauma, resilience, mental health ; art of memes; pop culture ; Image"
Figure-2-29-5,Figure-2-29-5,Figure-2-29-5.png,image/png,,,,@notthirsttraps,2024,instagram,art of memes; image macro; trauma; cinema; codependency ; art of memes; pop culture; relationships ; 
Figure-2-29-6,Figure-2-29-6,Figure-2-29-6.png,image/png,,,,@notthirsttraps,2024,instagram,art of memes; image macro; cinema ; art of memes; relationships; pop culture ; Image
Figure-2-30-1,Figure-2-30-1,Figure-2-30-1.png,image/png,,,,@notthirsttraps,2023,instagram,art of memes; image macro; performance; art; slutty ; art of memes; femininity; patriarchy; masculinity ; Image
Figure-2-30-2,Figure-2-30-2,Figure-2-30-2.png,image/png,,,,@notthirsttraps,2023,instagram,art of memes; image macro; objectification; autonomy ; art of memes; wellness/healing; relationships ; Image
Figure-2-30-3,Figure-2-30-3,Figure-2-30-3.png,image/png,,,,@notthirsttraps,2023,instagram,art of memes; image macro; emotions; social; perceptions ;  ; Image
Figure-3-1-1,Figure-3-1-1,Figure-3-1-1.png,image/png,,,,@queer_death_stories,2023,instagram,art of memes; image macro; astrology; scorpio; spirituality; Kenneth Anger ; art of memes; pop culture; mythical; queer ; Image
Figure-3-1-2,Figure-3-1-2,Figure-3-1-2.png,image/png,,,,@queer_death_stories,2023,instagram,art of memes; video post; interview; Madonna; Courtney Love; celebrity ; art of memes; queer; femininity ; Image
Figure-3-1-3,Figure-3-1-3,Figure-3-1-3.png,image/png,,,,@queer_death_stories,2023,instagram,art of memes; image macro; nature; flowers; symbolic; transparency; fragile ; art of memes; femininity ; mythical ; Image
Figure-3-1-4,Figure-3-1-4,Figure-3-1-4.png,image/png,,,,@queer_death_stories,2023,instagram,art of memes; video post; Kenneth Anger; Hollywood; satan; villian ; art of memes; pop culture ; Image
Figure-3-1-5,Figure-3-1-5,Figure-3-1-5.png,image/png,,,,@queer_death_stories,2023,instagram,art of memes; image macro; vibes; identity; Spirited Away; cartoon ; art of memes; relationships; femininity ; Image
Figure-3-1-6,Figure-3-1-6,Figure-3-1-6.png,image/png,,,,@queer_death_stories,2023,instagram,art of memes; image macro; Beetlejuice; revenge; artistic ; art of memes; wellness/healing; art ; Image
Figure-3-1-7,Figure-3-1-7,Figure-3-1-7.png,image/png,,,,@queer_death_stories,2023,instagram,art of memes; video post; Sister Boom Boom; media; Sister Rose ; art of memes; queer; gender ; Image
Figure-3-2-1,Figure-3-2-1,Figure-3-2-1.png,image/png,,,,@disssgrace ,2023,instagram,art of memes; image macro; anti-capitalism; identity; ai ; art of memes; activism; anti-capitalism; technology; art ; Image
Figure-3-2-2,Figure-3-2-2,Figure-3-2-2.png,image/png,,,,@disssgrace ,2023,instagram,art of memes; image macro; anti-capitalism; identity; ai ; art of memes; activism; anti-capitalism; technology; existential ; Image
Figure-3-2-3,Figure-3-2-3,Figure-3-2-3.png,image/png,,,,@disssgrace ,2023,instagram,art of memes; image macro; anti-capitalism; leisure; activity; ai ; art of memes; anti-capitalism; activism; art; technology; existential ; Image
Figure-3-2-4,Figure-3-2-4,Figure-3-2-4.png,image/png,,,,@disssgrace ,2023,instagram,art of memes; image macro; anti-capitalism; survival; identity; ai ; art of memes; activism; anti-capitalism; art; technology; existential ; Image
Figure-3-3-1,Figure-3-3-1,Figure-3-3-1.png,image/png,,,,@disssgrace ,2023,instagram,art of memes; image macro; queer; future ai; yearning ; art of memes; art; queer ; Image
Figure-3-3-2,Figure-3-3-2,Figure-3-3-2.png,image/png,,,,@disssgrace ,2023,instagram,art of memes; image macro; anti-capitalism; future; visualizing; ai ; art of memes; technology; anti-capitalism ; Image
Figure-3-4-1,Figure-3-4-1,Figure-3-4-1.png,image/png,,,,@lezzie_borden,2023,instagram,art of memes; image; cinema; Doom Generation; love; triangle; romance ; art of memes; queer; relationships; femininity ; masculinity ; gender ; Image
Figure-3-4-2,Figure-3-4-2,Figure-3-4-2.png,image/png,,,,@lezzie_borden,2023,instagram,art of memes; cinema; image; Doom Generation; representation; apocalypse ; art of memes; queer; femininity ; masculinity ; gender; relationships ; Image
Figure-3-4-3,Figure-3-4-3,Figure-3-4-3.png,image/png,,,,@lezzie_borden,2023,instagram,art of memes; image; Doom Generation; love; triangle; romance ; art of memes; queer; femininity ; masculinity ; gender; relationships ; Image
Figure-3-4-4,Figure-3-4-4,Figure-3-4-4.png,image/png,,,,@lezzie_borden,2023,instagram,art of memes; cash register; trio; purchase; image ; art of memes; queer; femininity ; masculinity ; gender; relationships ; Image
Figure-3-4-5,Figure-3-4-5,Figure-3-4-5.png,image/png,,,,@lezzie_borden,2023,instagram,art of memes; image; queer; representation; Doom Generation ; art of memes; queer; femininity ; masculinity ; gender; relationships ; Image
Figure-3-4-6,Figure-3-4-6,Figure-3-4-6.png,image/png,,,,@lezzie_borden,2023,instagram,art of memes; image macro; queer; representation; Doom Generation ; art of memes; queer; femininity ; masculinity ; gender; relationships ; Image
Figure-3-5,Figure-3-5,Figure-3-5.png,image/png,,,,@lezzie_borden,2024,instagram,art of memes; image; horror films; toxic masculinity; protagonist ; art of memes; patriarchy; mis/disinformation; gender ; Image
Figure-3-6-1,Figure-3-6-1,Figure-3-6-1.png,image/png,,,,@_stillwerise,2025,instagram,art of memes; image macro; anti-homophobia; pride; rainbow; car; neighbour; representation ; art of memes; activism; queer ; Image
Figure-3-6-2,Figure-3-6-2,Figure-3-6-2.png,image/png,,,,@_stillwerise,2025,instagram,art of memes; image macro; pride; rainbow; police; car; gender ; art of memes; queer; activism; gender ; Image
Figure-3-6-3,Figure-3-6-3,Figure-3-6-3.png,image/png,,,,@_stillwerise,2025,instagram,art of memes; video post; pride; anti-homophobia; Adele ; art of memes; queer; activism ; Image
Figure-3-6-4,Figure-3-6-4,Figure-3-6-4.png,image/png,,,,@_stillwerise,2025,instagram,art of memes; text post; pride; police; anti-homophobia ; art of memes; Queer ; Image
Figure-3-6-5,Figure-3-6-5,Figure-3-6-5.png,image/png,,,,@_stillwerise,2025,instagram,art of memes; image macro; pride month; representation ; art of memes; activism; religion; queer ; Image
Figure-3-6-6,Figure-3-6-6,Figure-3-6-6.png,image/png,,,,@_stillwerise,2025,instagram,art of memes; Sesame Street; pride; gay marriage  ; art of memes; activism; relationships; queer ; Image
Figure-3-6-7,Figure-3-6-7,Figure-3-6-7.png,image/png,,,,@_stillwerise,2025,instagram,art of memes; video post; Mike Pence; pride; AI;  ; art of memes; politics; queer; activism ; Image
Figure-3-7,Figure-3-7,Figure-3-7.png,image/png,,,,@zionreid513,2024,tiktok,art of memes; video post; apocalypse; Zombie; satire ; art of memes; relationships ; Image
Figure-3-8,Figure-3-8,Figure-3-8.png,image/png,,,,@arinsquirrel98,2021,tiktok,art of memes; video post; satire; Donald Trump; soup; reenactment ; art of memes; politics; activism ; Image
Figure-3-9,Figure-3-9,Figure-3-9.png,image/png,,,,@professor_neil,2025,instagram,art of memes; video post; heteronormativity; Professor Neil; cheating; jiu jitsu; emasculated; gender roles  ; art of memes; patriarchy; activism; mis/disinformation; gender; masculinity ; relationships ; Image
Figure-3-10,Figure-3-10,Figure-3-10.png,image/png,,,,Early Riot Grrrl,1991,website,art of memes; image macro; zines; vintage; 1950s; feminism; angry; activism  ; art of memes; patriarchy; activism ; Image
Figure-3-11,Figure-3-11,Figure-3-11.png,image/png,,,,@cyclista_zine,2022,instagram,art of memes; text post; zines; digital literacy; technology; algorithm ; art of memes; activism; technology ; Image
Figure-3-12,Figure-3-12,Figure-3-12.png,image/png,,,,@rachaellhouse,2021,instagram,art of memes; image macro; patriarchy; education; awareness; consent; gender roles ; art of memes; rape culture; patriarchy; activism; gender ; Image
Figure-3-13,Figure-3-13,Figure-3-13.png,image/png,,,,Black Lodge Press for Queer Anarchy Now,2020,website,art of memes; image macro; resistance; heteronormativity; stigma; sex ; art of memes; activism; rape culture ; Image
Figure-4-1-1,Figure-4-1-1,Figure-4-1-1.png,image/png,,,,Brendan Smialowski,2021,website,art of memes; image; Bernie Sanders; satire; mitten meme ; art of memes; politics; activism ; Image
Figure-4-1-2,Figure-4-1-2,Figure-4-1-2.png,image/png,,,,@H3YLiGHTSKin,2021,X (twitter),art of memes; image macro; Bernie Sanders; satire ; art of memes; politics; activism ; Image
Figure-4-1-3,Figure-4-1-3,Figure-4-1-3.png,image/png,,,,Bernie Mitten Meme,2021,website,art of memes; image; art; Bernie Sanders; politics; A Sunday Afternoon on the Island of La Grande Jatte  ; art of memes; politics ; Image
Figure-4-1-4,Figure-4-1-4,Figure-4-1-4.png,image/png,,,,memewhore,2021,tumblr,art of memes; image macro; privatization; healthcare; activism ; art of memes; activism ; Image
Figure-4-2,Figure-4-2,Figure-4-2.png,image/png,,,,@riotaddams,2024,threads,"art of memes; text post; alt-right; Nick Fuentes, witches; racism; reproductive rights; satire ; art of memes; reproductive justice; politics ; Text"
Figure-4-3,Figure-4-3,Figure-4-3.png,image/png,,,,@siobhaneen_queen_of_dreams,2024,threads,art of memes; image macro; reproductive rights; autonomy; resistance ; art of memes; reproductive justice; activism ; Image
Figure-4-4,Figure-4-4,Figure-4-4.png,image/png,,,,@flotsamm,2022,instagram,art of memes; image macro; satire; self-preservation ; art of memes; wellness/healing ; Image
Figure-4-5-1,Figure-4-5-1,Figure-4-5-1.png,image/png,,,,@hopehealingarts,2023,instagram,art of memes; image macro; community; resistance ; art of memes; wellness/healing ; Image
Figure-4-5-2,Figure-4-5-2,Figure-4-5-2.png,image/png,,,,@hopehealingarts,2023,instagram,art of memes; image macro; spiritual revolution; growth ; art of memes; femininity; existential ; Image
Figure-4-5-3,Figure-4-5-3,Figure-4-5-3.png,image/png,,,,@hopehealingarts,2023,instagram,art of memes; image macro; growth; affirmation ; art of memes; wellness/healing ; Image
Figure-4-5-4,Figure-4-5-4,Figure-4-5-4.png,image/png,,,,@hopehealingarts,2023,instagram,art of memes; image macro; rebirth; spirituality; growth ; art of memes; existential; activism ; Image
Figure-4-5-5,Figure-4-5-5,Figure-4-5-5.png,image/png,,,,@hopehealingarts,2023,instagram,art of memes; image macro; spiritual; resistance ; art of memes; wellness/healing; existential; activism ; Image
Figure-4-6,Figure-4-6,Figure-4-6.png,image/png,,,,@hillbillygothic,2022,tiktok,art of memes; video post; toxic masculinity; alpha male; alpha female; satire  ; art of memes; masculinity ; femininity ; Image
Figure-4-7,Figure-4-7,Figure-4-7.png,image/png,,,,@no_holes_barred_podcast,2023,instagram,art of memes; video post; alpha male; relationships; satire ; art of memes; masculinity; femininity; relationships ; Image
Figure-4-8,Figure-4-8,Figure-4-8.png,image/png,,,,@nikhagen,2023,tiktok,art of memes; video post; barbie movie; beta; satire; toxic masculinity ; art of memes; masculinity ; barbie; femininity ; Image
Figure-4-9,Figure-4-9,Figure-4-9.png,image/png,,,,@nursekelsey,2024,X (twitter),art of memes; text post; pebbling; memes ; art of memes ; Text
Figure-4-10,Figure-4-10,Figure-4-10.png,image/png,,,,The Office Michael Scott,2019,website,art of memes; joyscrolling; meme culture; resistance ; art of memes; wellness/healing ; Image
Figure-4-11,Figure-4-11,Figure-4-11.png,image/png,,,,@aesthetic.resistance,2024,instagram,art of memes; queer art; gender fluidity; drag queen; queer representation ; art of memes; queer; art ; Image
Figure-4-12,Figure-4-12,Figure-4-12.png,image/png,,,,Trans Bears collective,2021,website,art of memes; anticapitalism; wealth; apathy ; art of memes; anti-capitalism; activism ; Image
